지역,망,측정소코드,측정소명,측정일시,SO2,CO,O3,NO2,PM10,PM25,주소
서울 중구,도시대기,111121,중구,2025010101,0.0034,0.73,0.001,0.0306,21.0,12.0,서울 중구 덕수궁길 15
서울 중구,도시대기,111121,중구,2025010102,0.0032,0.63,0.0011,0.0307,21.0,13.0,서울 중구 덕수궁길 15
서울 중구,도시대기,111121,중구,2025010103,0.0034,0.54,0.0025,0.0301,19.0,12.0,서울 중구 덕수궁길 15
서울 중구,도시대기,111121,중구,2025010104,0.0036,0.66,0.001,0.0307,20.0,12.0,서울 중구 덕수궁길 15
서울 중구,도시대기,111121,중구,2025010105,0.0033,0.75,0.0012,0.0281,23.0,12.0,서울 중구 덕수궁길 15
서울 중구,도시대기,111121,중구,2025010106,0.0034,0.73,0.0009,0.0266,22.0,15.0,서울 중구 덕수궁길 15
서울 중구,도시대기,111121,중구,2025010107,0.0028,0.69,0.0011,0.0265,23.0,14.0,서울 중구 덕수궁길 15
서울 중구,도시대기,111121,중구,2025010108,0.0034,0.59,0.0009,0.0273,23.0,14.0,서울 중구 덕수궁길 15
서울 중구,도시대기,111121,중구,2025010109,0.003,0.55,0.0025,0.0267,21.0,14.0,서울 중구 덕수궁길 15
서울 중구,도시대기,111121,중구,2025010110,0.0041,0.55,0.0045,0.0248,22.0,15.0,서울 중구 덕수궁길 15
서울 중구,도시대기,111121,중구,2025010111,0.0036,0.6,0.0069,0.0239,23.0,16.0,서울 중구 덕수궁길 15
서울 중구,도시대기,111121,중구,2025010112,0.0046,0.59,0.0116,0.023,24.0,19.0,서울 중구 덕수궁길 15
서울 중구,도시대기,111121,중구,2025010113,0.0042,0.45,0.0222,0.0177,26.0,12.0,서울 중구 덕수궁길 15
서울 중구,도시대기,111121,중구,2025010114,0.0041,0.42,0.0363,0.0113,43.0,25.0,서울 중구 덕수궁길 15
서울 중구,도시대기,111121,중구,2025010115,0.0036,0.37,0.0471,0.007,49.0,31.0,서울 중구 덕수궁길 15
서울 중구,도시대기,111121,중구,2025010116,0.0038,0.39,0.0466,0.0084,49.0,29.0,서울 중구 덕수궁길 15
서울 중구,도시대기,111121,중구,2025010117,0.0039,0.41,0.0463,0.0098,54.0,29.0,서울 중구 덕수궁길 15
서울 중구,도시대기,111121,중구,2025010118,0.0039,0.41,0.0423,0.0122,54.0,29.0,서울 중구 덕수궁길 15
서울 중구,도시대기,111121,중구,2025010119,0.0031,0.44,0.038,0.0144,52.0,29.0,서울 중구 덕수궁길 15
서울 중구,도시대기,111121,중구,2025010120,0.003,0.51,0.0309,0.0187,50.0,30.0,서울 중구 덕수궁길 15
서울 중구,도시대기,111121,중구,2025010121,0.0026,0.58,0.0315,0.0164,48.0,28.0,서울 중구 덕수궁길 15
서울 중구,도시대기,111121,중구,2025010122,0.003,0.6,0.0285,0.0179,48.0,29.0,서울 중구 덕수궁길 15
서울 중구,도시대기,111121,중구,2025010123,0.0032,0.64,0.0272,0.0176,49.0,31.0,서울 중구 덕수궁길 15
서울 중구,도시대기,111121,중구,2025010124,0.0031,0.61,0.0186,0.0241,46.0,29.0,서울 중구 덕수궁길 15
서울 중구,도시대기,111121,중구,2025010201,0.0031,0.76,0.015,0.0253,47.0,34.0,서울 중구 덕수궁길 15
서울 중구,도시대기,111121,중구,2025010202,0.0032,0.74,0.0197,0.02,45.0,31.0,서울 중구 덕수궁길 15
서울 중구,도시대기,111121,중구,2025010203,0.0025,0.53,0.0181,0.0214,39.0,25.0,서울 중구 덕수궁길 15
서울 중구,도시대기,111121,중구,2025010204,0.0029,0.55,0.0175,0.0196,35.0,26.0,서울 중구 덕수궁길 15
서울 중구,도시대기,111121,중구,2025010205,0.0027,0.57,0.0151,0.0215,44.0,32.0,서울 중구 덕수궁길 15
서울 중구,도시대기,111121,중구,2025010206,0.0026,0.65,0.0061,0.027,45.0,30.0,서울 중구 덕수궁길 15
서울 중구,도시대기,111121,중구,2025010207,0.0031,0.74,0.0006,0.0317,38.0,24.0,서울 중구 덕수궁길 15
서울 중구,도시대기,111121,중구,2025010208,0.0027,0.69,0.0017,0.0302,36.0,26.0,서울 중구 덕수궁길 15
서울 중구,도시대기,111121,중구,2025010209,0.0031,0.71,0.0048,0.0266,35.0,24.0,서울 중구 덕수궁길 15
서울 중구,도시대기,111121,중구,2025010210,0.0038,0.84,0.0042,0.0258,39.0,25.0,서울 중구 덕수궁길 15
서울 중구,도시대기,111121,중구,2025010211,0.0038,0.54,0.0133,0.0211,41.0,27.0,서울 중구 덕수궁길 15
서울 중구,도시대기,111121,중구,2025010212,0.0041,0.42,0.0245,0.0141,30.0,17.0,서울 중구 덕수궁길 15
서울 중구,도시대기,111121,중구,2025010213,0.0033,0.38,0.03,0.0113,24.0,13.0,서울 중구 덕수궁길 15
서울 중구,도시대기,111121,중구,2025010214,0.0036,0.31,0.0348,0.0094,24.0,15.0,서울 중구 덕수궁길 15
서울 중구,도시대기,111121,중구,2025010215,0.0034,0.26,0.038,0.0066,18.0,9.0,서울 중구 덕수궁길 15
서울 중구,도시대기,111121,중구,2025010216,0.0033,0.29,0.0386,0.0068,15.0,7.0,서울 중구 덕수궁길 15
서울 중구,도시대기,111121,중구,2025010217,0.0032,0.27,0.0386,0.0067,15.0,10.0,서울 중구 덕수궁길 15
서울 중구,도시대기,111121,중구,2025010218,0.0035,0.29,0.0341,0.0091,17.0,8.0,서울 중구 덕수궁길 15
서울 중구,도시대기,111121,중구,2025010219,0.0042,0.37,0.0274,0.0141,18.0,7.0,서울 중구 덕수궁길 15
서울 중구,도시대기,111121,중구,2025010220,0.0038,0.34,0.0312,0.0111,20.0,13.0,서울 중구 덕수궁길 15
서울 중구,도시대기,111121,중구,2025010221,0.0041,0.35,0.0284,0.0122,20.0,12.0,서울 중구 덕수궁길 15
서울 중구,도시대기,111121,중구,2025010222,0.0037,0.42,0.0219,0.0177,22.0,15.0,서울 중구 덕수궁길 15
서울 중구,도시대기,111121,중구,2025010223,0.0037,0.4,0.0268,0.0121,26.0,15.0,서울 중구 덕수궁길 15
서울 중구,도시대기,111121,중구,2025010224,0.0029,0.36,0.0282,0.0077,26.0,17.0,서울 중구 덕수궁길 15
서울 중구,도시대기,111121,중구,2025010301,0.0027,0.33,0.0277,0.007,16.0,11.0,서울 중구 덕수궁길 15
서울 중구,도시대기,111121,중구,2025010302,0.0033,0.35,0.0275,0.0068,20.0,12.0,서울 중구 덕수궁길 15
서울 중구,도시대기,111121,중구,2025010303,0.0031,0.34,0.0264,0.0061,21.0,15.0,서울 중구 덕수궁길 15
서울 중구,도시대기,111121,중구,2025010304,0.0035,0.42,0.0233,0.0092,21.0,15.0,서울 중구 덕수궁길 15
서울 중구,도시대기,111121,중구,2025010305,0.0032,0.4,0.02,0.0125,19.0,13.0,서울 중구 덕수궁길 15
서울 중구,도시대기,111121,중구,2025010306,0.0034,0.44,0.017,0.0154,22.0,16.0,서울 중구 덕수궁길 15
서울 중구,도시대기,111121,중구,2025010307,0.0031,0.45,0.0144,0.017,22.0,17.0,서울 중구 덕수궁길 15
서울 중구,도시대기,111121,중구,2025010308,0.003,0.43,0.0145,0.015,21.0,17.0,서울 중구 덕수궁길 15
서울 중구,도시대기,111121,중구,2025010309,0.0036,0.43,0.0131,0.0158,20.0,17.0,서울 중구 덕수궁길 15
서울 중구,도시대기,111121,중구,2025010310,0.0033,0.43,0.0194,0.012,20.0,14.0,서울 중구 덕수궁길 15
서울 중구,도시대기,111121,중구,2025010311,0.0041,0.37,0.0208,0.011,20.0,12.0,서울 중구 덕수궁길 15
서울 중구,도시대기,111121,중구,2025010312,0.0043,0.37,0.0195,0.0133,16.0,10.0,서울 중구 덕수궁길 15
서울 중구,도시대기,111121,중구,2025010313,0.0037,0.36,0.0223,0.0132,18.0,8.0,서울 중구 덕수궁길 15
서울 중구,도시대기,111121,중구,2025010314,0.0037,0.29,0.0255,0.0119,18.0,13.0,서울 중구 덕수궁길 15
서울 중구,도시대기,111121,중구,2025010315,0.0036,0.31,0.0222,0.0159,20.0,12.0,서울 중구 덕수궁길 15
서울 중구,도시대기,111121,중구,2025010316,0.0038,0.31,0.0234,0.0168,21.0,13.0,서울 중구 덕수궁길 15
서울 중구,도시대기,111121,중구,2025010317,0.0033,0.33,0.0221,0.017,18.0,11.0,서울 중구 덕수궁길 15
서울 중구,도시대기,111121,중구,2025010318,0.0036,0.33,0.0242,0.0152,18.0,12.0,서울 중구 덕수궁길 15
서울 중구,도시대기,111121,중구,2025010319,0.003,0.35,0.0208,0.0173,19.0,9.0,서울 중구 덕수궁길 15
서울 중구,도시대기,111121,중구,2025010320,0.0032,0.37,0.0225,0.0167,17.0,10.0,서울 중구 덕수궁길 15
서울 중구,도시대기,111121,중구,2025010321,0.0025,0.44,0.0208,0.0182,15.0,10.0,서울 중구 덕수궁길 15
서울 중구,도시대기,111121,중구,2025010322,0.0031,0.43,0.0187,0.0189,17.0,11.0,서울 중구 덕수궁길 15
서울 중구,도시대기,111121,중구,2025010323,0.003,0.39,0.0263,0.0119,18.0,11.0,서울 중구 덕수궁길 15
서울 중구,도시대기,111121,중구,2025010324,0.0027,0.39,0.03,0.0075,26.0,17.0,서울 중구 덕수궁길 15
서울 중구,도시대기,111121,중구,2025010401,0.0033,0.41,0.0292,0.008,28.0,23.0,서울 중구 덕수궁길 15
서울 중구,도시대기,111121,중구,2025010402,0.0034,0.42,0.0286,0.0078,29.0,21.0,서울 중구 덕수궁길 15
서울 중구,도시대기,111121,중구,2025010403,0.0037,0.4,0.0279,0.0078,29.0,21.0,서울 중구 덕수궁길 15
서울 중구,도시대기,111121,중구,2025010404,0.0032,0.39,0.0266,0.0083,28.0,23.0,서울 중구 덕수궁길 15
서울 중구,도시대기,111121,중구,2025010405,0.0035,0.37,0.0281,0.007,30.0,26.0,서울 중구 덕수궁길 15
서울 중구,도시대기,111121,중구,2025010406,0.0039,0.45,0.0239,0.0111,27.0,21.0,서울 중구 덕수궁길 15
서울 중구,도시대기,111121,중구,2025010407,0.0031,0.46,0.0194,0.0139,27.0,21.0,서울 중구 덕수궁길 15
서울 중구,도시대기,111121,중구,2025010408,0.0033,0.49,0.0056,0.0237,27.0,22.0,서울 중구 덕수궁길 15
서울 중구,도시대기,111121,중구,2025010409,0.0036,0.65,0.0004,0.027,31.0,21.0,서울 중구 덕수궁길 15
서울 중구,도시대기,111121,중구,2025010410,0.0034,0.72,0.0021,0.0251,31.0,20.0,서울 중구 덕수궁길 15
서울 중구,도시대기,111121,중구,2025010411,0.0035,0.68,0.0041,0.0249,47.0,32.0,서울 중구 덕수궁길 15
서울 중구,도시대기,111121,중구,2025010412,0.0035,0.59,0.0071,0.025,43.0,28.0,서울 중구 덕수궁길 15
서울 중구,도시대기,111121,중구,2025010413,0.0041,0.5,0.0107,0.0228,28.0,19.0,서울 중구 덕수궁길 15
서울 중구,도시대기,111121,중구,2025010414,0.003,0.35,0.0204,0.016,27.0,12.0,서울 중구 덕수궁길 15
서울 중구,도시대기,111121,중구,2025010415,0.0038,0.32,0.025,0.0142,21.0,14.0,서울 중구 덕수궁길 15
서울 중구,도시대기,111121,중구,2025010416,0.0037,0.39,0.0196,0.0208,20.0,13.0,서울 중구 덕수궁길 15
서울 중구,도시대기,111121,중구,2025010417,0.004,0.33,0.0205,0.0204,24.0,15.0,서울 중구 덕수궁길 15
서울 중구,도시대기,111121,중구,2025010418,0.0041,0.39,0.01,0.0287,23.0,17.0,서울 중구 덕수궁길 15
서울 중구,도시대기,111121,중구,2025010419,0.0032,0.41,0.0124,0.0248,26.0,14.0,서울 중구 덕수궁길 15
서울 중구,도시대기,111121,중구,2025010420,0.0033,0.44,0.0109,0.0268,23.0,15.0,서울 중구 덕수궁길 15
서울 중구,도시대기,111121,중구,2025010421,0.003,0.49,0.0076,0.0289,25.0,17.0,서울 중구 덕수궁길 15
서울 중구,도시대기,111121,중구,2025010422,0.003,0.53,0.004,0.0326,26.0,20.0,서울 중구 덕수궁길 15
서울 중구,도시대기,111121,중구,2025010423,0.0034,0.59,0.0002,0.0352,25.0,19.0,서울 중구 덕수궁길 15
서울 중구,도시대기,111121,중구,2025010424,0.003,0.65,0.0004,0.0356,27.0,17.0,서울 중구 덕수궁길 15
서울 중구,도시대기,111121,중구,2025010501,0.004,0.71,0.002,0.0345,27.0,19.0,서울 중구 덕수궁길 15
서울 중구,도시대기,111121,중구,2025010502,0.0032,0.74,0.0011,0.0353,28.0,21.0,서울 중구 덕수궁길 15
서울 중구,도시대기,111121,중구,2025010503,0.0035,0.66,0.0014,0.0347,27.0,19.0,서울 중구 덕수궁길 15